{"Mecab": 7.921342372894287, "Hannanum": 210.64576864242554, "Kkma": 1656.435776233673, "Komoran": 89.45873713493347, "Okt": 197.1936264038086}